[{"id":"user-image-Screenshot2024-01-30at4.23.13PM.png","fileName":"Screenshot2024-01-30at4.23.13PM.png","name":"Screenshot2024-01-30at4.23.13PM","publicUrl":"https://assets.nicepagecdn.com/6963c7e8/6165162/images/Screenshot2024-01-30at4.23.13PM.png","size":594115,"hash":"cY/383fBo9py1WpKyVQBpDCfimA=","width":708,"height":402,"folderId":null,"thumbnail":{"url":"https://assets.nicepagecdn.com/6963c7e8/6165162/images/thumbnails/Screenshot2024-01-30at4.23.13PM.png","width":150,"height":85},"usages":["20306213"]},{"id":"user-image-Screenshot2024-01-30at4.23.28PM.png","fileName":"Screenshot2024-01-30at4.23.28PM.png","name":"Screenshot2024-01-30at4.23.28PM","publicUrl":"https://assets.nicepagecdn.com/6963c7e8/6165162/images/Screenshot2024-01-30at4.23.28PM.png","size":446391,"hash":"2gOFdqezu/O/KDEB7P/ZNcNEEdI=","width":708,"height":402,"folderId":null,"thumbnail":{"url":"https://assets.nicepagecdn.com/6963c7e8/6165162/images/thumbnails/Screenshot2024-01-30at4.23.28PM.png","width":150,"height":85},"usages":["20306213"]},{"id":"user-image-Screenshot2024-01-30at4.22.57PM.png","fileName":"Screenshot2024-01-30at4.22.57PM.png","name":"Screenshot2024-01-30at4.22.57PM","publicUrl":"https://assets.nicepagecdn.com/6963c7e8/6165162/images/Screenshot2024-01-30at4.22.57PM.png","size":404083,"hash":"zqfRzeo1wLKGi6yg5lmohFhxJO8=","width":708,"height":402,"folderId":null,"thumbnail":{"url":"https://assets.nicepagecdn.com/6963c7e8/6165162/images/thumbnails/Screenshot2024-01-30at4.22.57PM.png","width":150,"height":85},"usages":["20306213"]},{"id":"user-image-66EHXXXEQBLKXGO4LK6YMH6BCE.jpg","fileName":"66EHXXXEQBLKXGO4LK6YMH6BCE.jpg","name":"66EHXXXEQBLKXGO4LK6YMH6BCE","publicUrl":"https://assets.nicepagecdn.com/6963c7e8/6165162/images/66EHXXXEQBLKXGO4LK6YMH6BCE.jpg","size":616120,"hash":"aTwhA2qgP9I9CGHgrfplV37qYsA=","width":1920,"height":1251,"folderId":null,"thumbnail":{"url":"https://assets.nicepagecdn.com/6963c7e8/6165162/images/thumbnails/66EHXXXEQBLKXGO4LK6YMH6BCE.jpg","width":150,"height":98},"usages":["20306213"]},{"id":"user-image-CDI5U4ZL4JGSNEDYN3KGGWTS3I.jpeg","fileName":"CDI5U4ZL4JGSNEDYN3KGGWTS3I.jpeg","name":"CDI5U4ZL4JGSNEDYN3KGGWTS3I","publicUrl":"https://assets.nicepagecdn.com/6963c7e8/6165162/images/CDI5U4ZL4JGSNEDYN3KGGWTS3I.jpeg","size":114117,"hash":"z2yzuBA5fwv+wZbTq4qGovCmx20=","width":1200,"height":675,"folderId":null,"thumbnail":{"url":"https://assets.nicepagecdn.com/6963c7e8/6165162/images/thumbnails/CDI5U4ZL4JGSNEDYN3KGGWTS3I.jpeg","width":150,"height":84},"usages":["20306213"]},{"id":"user-image-635700708343114130-AP-FedEx-ezgif.com-webp-to-jpg-converter-2.jpg","fileName":"635700708343114130-AP-FedEx-ezgif.com-webp-to-jpg-converter-2.jpg","name":"635700708343114130-AP-FedEx-ezgif.com-webp-to-jpg-converter-2","publicUrl":"https://assets.nicepagecdn.com/6963c7e8/6165162/images/635700708343114130-AP-FedEx-ezgif.com-webp-to-jpg-converter-2.jpg","size":467750,"hash":"Zxz27YqlPQtfP984kdYdSpsGLzU=","width":1920,"height":1080,"folderId":null,"thumbnail":{"url":"https://assets.nicepagecdn.com/6963c7e8/6165162/images/thumbnails/635700708343114130-AP-FedEx-ezgif.com-webp-to-jpg-converter-2.jpg","width":150,"height":84},"usages":["20306213"]},{"id":"user-image-CQ3fHuyUAAE9O9g.jpeg","fileName":"CQ3fHuyUAAE9O9g.jpeg","name":"CQ3fHuyUAAE9O9g","publicUrl":"https://assets.nicepagecdn.com/6963c7e8/6165162/images/CQ3fHuyUAAE9O9g.jpeg","size":47710,"hash":"qEChfWs4ljWsvggur7hb0FSHF3Y=","width":2072,"height":701,"folderId":null,"thumbnail":{"url":"https://assets.nicepagecdn.com/6963c7e8/6165162/images/thumbnails/CQ3fHuyUAAE9O9g.jpeg","width":150,"height":51},"usages":[]},{"id":"user-image-images.jpeg","fileName":"images.jpeg","name":"images","publicUrl":"https://assets.nicepagecdn.com/6963c7e8/6165162/images/images.jpeg","size":7279,"hash":"ka2bQImaF3Nv1z7x3o5Ox0wDtZM=","width":285,"height":177,"folderId":null,"thumbnail":{"url":"https://assets.nicepagecdn.com/6963c7e8/6165162/images/thumbnails/images.jpeg","width":150,"height":93},"usages":[]},{"id":"user-image-logo.png","fileName":"logo.png","name":"logo","publicUrl":"https://assets.nicepagecdn.com/6963c7e8/6165162/images/logo.png","size":2911,"hash":"Qn0ZHTEk01p6Fwx1+F3u3jc1jDI=","width":466,"height":273,"folderId":null,"thumbnail":{"url":"https://assets.nicepagecdn.com/6963c7e8/6165162/images/thumbnails/logo.png","width":150,"height":88},"usages":[]}]