[{"id":2725221752,"title":"Blog Template","order":1,"templateKey":"blog","customTemplate":false,"customTemplateFilename":null,"pageLinks":[],"dateCreated":"2024-01-29T14:09:28.726Z","dateUpdated":"2024-01-29T14:09:45.988Z","folderId":null,"pageName":"Blog Template","sectionCount":1,"status":2},{"id":58622162,"title":"Post Template","order":2,"templateKey":"post","customTemplate":false,"customTemplateFilename":null,"pageLinks":[],"dateCreated":"2024-01-29T14:09:28.800Z","dateUpdated":"2024-01-29T14:09:45.989Z","folderId":null,"pageName":"Post Template","sectionCount":1,"status":2},{"id":1042229119,"title":"Product List Template","order":3,"templateKey":"products","customTemplate":false,"customTemplateFilename":null,"pageLinks":[],"dateCreated":"2024-01-29T14:09:28.869Z","dateUpdated":"2024-01-29T14:09:45.989Z","folderId":null,"pageName":"Product List Template","sectionCount":1,"status":2},{"id":671315226,"title":"Product Details Template","order":4,"templateKey":"product","customTemplate":false,"customTemplateFilename":null,"pageLinks":[],"dateCreated":"2024-01-29T14:09:28.931Z","dateUpdated":"2024-01-29T14:09:45.989Z","folderId":null,"pageName":"Product Details Template","sectionCount":1,"status":2},{"id":179903567,"title":"Shopping Cart Template","order":5,"templateKey":"cart","customTemplate":false,"customTemplateFilename":null,"pageLinks":[],"dateCreated":"2024-01-29T14:09:28.994Z","dateUpdated":"2024-01-29T14:09:45.989Z","folderId":null,"pageName":"Shopping Cart Template","sectionCount":1,"status":2},{"id":25773509,"title":"Login Template","order":7,"templateKey":"login","customTemplate":false,"customTemplateFilename":null,"pageLinks":[],"dateCreated":"2024-01-29T14:09:29.052Z","dateUpdated":"2024-01-29T14:09:45.989Z","folderId":null,"pageName":"Login Template","sectionCount":1,"status":2},{"id":2174611077,"title":"Password Template","order":8,"templateKey":"password","customTemplate":false,"customTemplateFilename":null,"pageLinks":[],"dateCreated":"2024-01-29T14:09:29.079Z","dateUpdated":"2024-01-29T14:09:45.989Z","folderId":null,"pageName":"Password Template","sectionCount":1,"status":2},{"id":241339427,"title":"404 Not Found Template","order":9,"templateKey":"404","customTemplate":false,"customTemplateFilename":null,"pageLinks":[],"dateCreated":"2024-01-29T14:09:29.103Z","dateUpdated":"2024-01-29T14:09:45.989Z","folderId":null,"pageName":"404 Not Found Template","sectionCount":1,"status":2},{"id":187961752,"title":"Thank You Template","order":10,"templateKey":"ThankYou","customTemplate":false,"customTemplateFilename":null,"pageLinks":[],"dateCreated":"2024-01-29T14:09:29.125Z","dateUpdated":"2024-01-29T14:09:45.990Z","folderId":null,"pageName":"Thank You Template","sectionCount":1,"status":2},{"id":20306213,"title":"Home","order":50,"templateKey":null,"customTemplate":false,"customTemplateFilename":null,"pageLinks":[],"dateCreated":"2024-01-29T14:09:53.189Z","dateUpdated":"2024-01-30T11:00:00.681Z","folderId":null,"pageName":"Home_20306213","sectionCount":4,"status":2},{"id":723011991,"title":"About","order":100,"templateKey":null,"customTemplate":false,"customTemplateFilename":null,"pageLinks":[],"dateCreated":"2024-01-29T14:09:29.227Z","dateUpdated":"2024-01-29T14:09:45.990Z","folderId":null,"pageName":"About_723011991","sectionCount":1,"status":2},{"id":66440456,"title":"Contact","order":101,"templateKey":null,"customTemplate":false,"customTemplateFilename":null,"pageLinks":[],"dateCreated":"2024-01-29T14:09:29.241Z","dateUpdated":"2024-01-29T14:09:45.990Z","folderId":null,"pageName":"Contact_66440456","sectionCount":1,"status":2}]